PREDICATE	MFS
sparkle	01
smoking	01
hesitate	01
belie	01
upgrading	01
rotate	02
cuff	01
handful	01
quake	01
frolic	01
bill	03
restart	01
egalitarianism	01
glimmer	01
pianist	01
bundle	02
array	01
riot	01
eliminate	01
slaying	01
politicize	01
flout	01
paralysis	01
reduce	01
trim	02
escrow	01
commerce	01
confess	01
specialty	01
libel	01
hierarchy	01
passing	01
organ	01
overtax	01
licensing	01
question	01
disallow	01
fluctuation	01
third	01
basement	01
best	01
deny	01
commotion	01
reimpose	01
evaluate	01
race	01
arm	01
report	01
impunity	01
generating	01
feed	01
stink	01
distort	01
dial	01
memo	01
trail	01
might	01
stardom	01
deflate	01
scapegoating	01
disseminate	01
flip	01
roost	01
jury	01
stave	01
shadow	01
populace	01
plant	01
grave	01
pocket	01
repercussion	01
continue	01
suffering	01
disbanding	01
electrify	01
whimper	01
pusher	01
discussion	01
duke	01
protagonist	01
immaturity	01
crane	01
salesman	01
sin	01
bank	01
lumber	01
jettison	01
spell	03
graft	01
re-elect	01
justice	01
infighting	01
reinforce	01
conspire	01
improve	01
graduate	01
bonus	01
officialdom	01
computing	01
meddle	01
thicket	01
intonation	01
driver	01
herald	01
unnerve	01
create	01
tuning	01
jar	01
prove	01
job	01
misinterpret	01
idle	01
stream	01
consumption	01
mystery	01
sniff	02
city	01
miniaturize	01
telecast	01
hunger	01
richness	01
flabbergast	01
loot	01
impeach	01
conquer	01
danger	01
movie	01
unwind	01
join	01
surprise	01
obfuscate	01
consultation	01
eater	01
bungle	01
renaissance	01
doubt	01
oath	01
see	01
suspect	01
infestation	01
integrate	01
recourse	01
rendering	01
concentrate	01
assail	01
spree	01
apology	01
enforcer	01
recurrence	01
wrangle	01
align	01
remedy	01
wreck	01
orient	01
dissociate	01
verification	01
ache	01
stitch	01
year	01
spill	01
advancement	01
pyramid	01
lender	01
instance	01
subpoena	01
claimant	01
decry	01
recite	01
jerk	01
dearth	01
awake	01
require	01
page	01
breaker	01
version	01
handbook	01
recommendation	01
frustration	01
accident	02
sociologist	01
depreciation	01
refrain	01
plantation	01
surrender	01
novelist	01
reasoning	01
bickering	01
sitcom	01
determination	01
extricate	01
accumulate	01
embody	01
broadcast	01
spruce	01
newscast	01
indemnify	01
reparation	01
find	01
generate	01
farm	01
editor	01
exposure	01
steadiness	01
right	01
opening	02
draft	01
wrist	01
imagine	01
backlash	01
compensate	01
mask	01
yield	01
conceiver	01
outgrowth	01
deprive	01
miss	02
revamp	01
undulate	01
lapse	01
repel	01
utopia	01
shine	01
impugn	01
convolute	01
smuggle	01
declaration	01
safety	01
quit	01
disqualify	01
tomb	01
rerun	01
mob	01
emigrate	01
canvass	01
survivor	01
nominee	01
caliber	01
beware	01
clump	01
feedback	01
arrival	01
pool	01
chaser	01
municipality	01
potpourri	01
target	01
planner	01
depletion	01
adoption	01
suppress	01
defender	01
attention	01
devour	01
seek	01
bias	01
syndication	01
cleanse	01
hub	01
expand	01
spoil	01
negligence	01
law	01
staple	01
underestimate	01
nest	01
wane	01
slowing	01
repute	01
prosecute	01
guesswork	01
teller	01
shut	05
gap	01
mire	01
distress	01
daughter	01
pan	02
intelligence	02
disassociate	01
virulence	01
slice	01
gateway	01
breath	01
whiz	01
confirmation	01
conference	01
aver	01
reassert	01
incite	01
lieutenant	01
pregnancy	01
exhibition	01
pill	01
bumble	01
breathing	01
aspire	01
intimacy	01
potential	01
overpower	01
infrastructure	01
stain	01
doldrums	01
litigation	01
synthesize	01
traveler	01
caricature	01
frame	01
firefighting	01
flexibility	01
wingbeat	01
landmark	02
catalyst	01
parent	01
task	01
amortize	01
tackle	01
survive	01
revisit	01
cooperate	01
distinction	01
family	01
extrusion	01
sandwich	01
bullishness	01
national	01
stomp	01
standing	01
printing	01
battlement	02
designer	01
furlough	01
warden	01
trafficker	01
routine	01
chuck	01
ingratiate	01
suggestion	01
sergeant	01
bidding	02
importer	01
absenteeism	01
ram	01
tenant	01
solace	01
tour	01
strip	01
sheriff	01
smother	01
raid	01
crow	01
retain	01
clearance	01
protein	01
song	01
inauguration	01
unearth	01
leg	01
child	01
wedding	01
specialize	01
affirm	01
deal	02
anther	01
overreaction	01
tempo	01
pen	01
manipulation	01
protector	01
permanence	01
clip	02
unveil	01
charlatanry	01
criticism	01
airing	01
overemphasize	01
component	01
commission	03
describe	01
rationalize	01
torment	01
fifth	01
memoir	01
survival	01
indebtedness	01
holder	01
combat	01
seacoast	01
exude	01
outline	01
expertise	01
gyrate	01
exempt	01
grant	01
drinking	01
picker	01
cringe	01
hole	01
hunt	01
downturn	01
discrepancy	01
biographer	01
disservice	01
satire	02
ignite	01
downgrading	02
overlap	01
burnish	01
tinge	01
injustice	01
lover	01
indexation	01
nod	01
specification	01
pinpoint	01
assimilate	01
dweller	01
advantage	01
guru	01
sticker	01
abduction	01
wrap	01
shutter	01
honor	01
revitalize	01
error	01
gridlock	01
renegotiation	01
pipe	01
girlfriend	01
walkout	01
tell	01
abandon	01
accrete	01
rain	01
override	01
researcher	01
legerdemain	01
friendship	01
lunch	01
pre-empt	01
grain	01
socialize	02
outshine	01
waive	01
stimulator	01
storm	02
seer	01
owe	01
conviction	01
deduct	01
reunion	01
action	01
composition	02
street	01
shake-up	01
whisper	01
impeachment	01
fertility	01
bargain	01
depend	01
confidence	01
presenter	01
triumph	01
hazard	01
entertainment	01
admonition	01
tradition	01
retrofit	01
fizz	01
dwarf	01
tide	01
promote	02
filch	01
dementia	01
mailman	01
scribble	01
pare	03
publishing	01
pastime	01
trauma	01
horizon	01
project	01
bulldoze	01
coerce	01
seed	01
relax	01
fooling	01
significance	01
pollute	01
reintegrate	01
represent	01
permeate	01
gambler	01
transcript	01
obfuscation	01
ascribe	01
letter	01
encompass	01
teaspoon	01
remand	01
denigration	01
await	01
zenith	01
chop	01
counting	01
seal	01
countersuit	01
psyche	01
pitfall	01
bankruptcy	01
stamp	01
barrel	01
fouling	01
out	01
inequality	01
arrogance	01
smack	01
overprice	01
overrun	01
beginning	01
ability	01
recovery	01
shave	01
erosion	01
simulator	01
give	01
abolition	01
infantry	01
jingle	01
upholstery	01
annoy	01
muddy	01
billow	01
circulation	01
shoo	01
neglect	01
pension	01
burglary	01
appropriation	01
servicing	01
initiation	01
chat	01
unemployment	01
barrier	01
indictment	01
adhere	02
motorize	01
promotion	02
screenplay	01
employee	01
contractor	01
lead	01
cheapen	01
laggard	01
audacity	01
hideaway	01
symmetry	01
fantasize	01
worship	01
drip	02
lap	01
total	01
buoy	01
gloat	01
ebb	01
congratulate	01
flock	02
sheet	02
ton	01
notion	01
debunk	01
suburb	01
willingness	01
solidarity	01
spearhead	01
viability	01
raiser	01
render	01
processor	01
transmitter	01
acceptance	01
foam	01
enhancement	01
thief	01
avert	01
condemn	01
functioning	01
resume	01
proxy	01
shoot	02
mastermind	01
outset	01
flee	01
illuminate	01
mania	01
retirement	01
accompanist	01
cherish	01
purr	02
desecration	01
cheater	01
rekindle	01
candor	01
imprison	01
weighting	01
souvenir	01
dynamism	01
vend	01
perceptiveness	02
sake	01
hunk	01
chief	01
burden	01
courage	01
consider	01
victory	01
voting	01
ventilate	01
regain	01
outskirts	01
quibble	01
distrust	01
knack	01
engulf	01
route	01
shun	01
spasm	02
trivialize	01
decentralization	01
improvisation	01
effectiveness	01
euphoria	01
influx	01
dealer	01
boast	01
domination	01
brawl	01
examiner	01
detail	01
cluster	01
career	01
curtail	01
discounting	01
echo	01
accuracy	01
requisition	01
segregation	01
disagree	01
poll	01
perform	01
laughingstock	01
shear	01
scuttle	01
defraud	01
line	06
redefinition	01
reposition	01
end	01
disappearance	01
aberration	01
fend	02
technique	01
warm	01
reckon	01
predecessor	01
observatory	01
ticket	01
accomplish	01
breakthrough	01
prime	01
brazen	01
boundary	01
develop	02
direct	01
mix	01
arouse	01
to	01
scout	01
crave	01
revolutionize	01
performer	01
bow	01
carry-forward	01
defer	01
rival	01
emasculate	01
warren	01
ply	02
derive	01
mismanagement	01
incline	01
adequacy	01
district	01
re-evaluate	01
reshape	01
commandant	01
navy	01
discourse	01
demonstration	01
bloody	01
opportunity	01
enemy	01
poise	01
memento	01
strap	02
bellwether	01
sense	01
admit	01
kowtow	01
ride	01
therapy	01
decorum	01
respond	01
issuer	01
dust	03
finger	01
sell	01
attach	01
context	01
crumble	01
indirectness	01
lot	01
bombardment	01
reprieve	01
gene	01
spanking	01
allure	01
fan	01
haven	01
accumulation	01
merge	01
zero	01
hoisting	01
forecasting	01
axiom	01
ruin	01
underwriter	01
forward	01
line-up	01
toe	01
fleece	01
undervalue	01
park	01
relocate	01
formula	01
scribe	01
fasten	01
contributor	01
browbeat	01
bleed	01
czar	01
fusing	01
commemorate	01
direction	01
establishment	01
attain	01
guard	01
plurality	01
inflame	01
ratify	01
midrange	01
inconsistency	01
youth	01
remember	01
mint	01
occasion	01
fundamental	01
pounce	01
oversupply	01
identity	01
chuckle	01
communication	01
reader	01
liberalization	01
reporter	01
bugaboo	01
host	01
sport	01
vintage	01
soundtrack	01
affect	01
association	01
diagnosis	01
lethargy	01
demonstrativeness	01
exhibit	01
mining	01
consulting	01
worth	02
bemoan	01
arise	01
coincidence	01
attend	01
matter	01
conspiracy	01
sweeten	02
prod	01
epidemic	01
gape	01
listen	01
tremble	01
mercy	01
session	01
feast	01
income	01
outflank	01
undercut	01
heritage	01
violation	01
whirl	01
compound	01
luck	01
kayo	01
borrow	01
locution	01
stopgap	01
flagship	02
peculiarity	01
laundering	01
scrape	01
oppression	01
graduation	01
communique	01
correspondence	01
raider	01
constrict	01
commando	01
leverage	01
cache	01
succumb	01
placate	01
tape	02
viewership	01
hunch	01
insurer	01
documentation	01
fever	01
bulletin	01
censor	01
boy	01
financier	01
drinker	01
recess	01
grind	01
roil	01
brewing	01
ruling	01
quantity	01
taint	01
amend	01
expend	01
loophole	01
fate	01
sound	01
undergo	01
relief	01
testing	01
backlog	01
rainbow	01
exclaim	01
tenure	01
bicker	01
on	01
outlet	01
kindle	01
disrupt	01
smidgin	01
band	01
deposition	01
guzzle	01
feature	01
dependent	01
hobble	02
invest	01
conclude	01
furor	01
befriend	01
forcefulness	01
wail	01
malnourishment	01
moratorium	01
administrator	01
disapproval	01
consent	01
addition	01
retailing	01
spiral	01
rework	01
rupture	01
proclaim	01
snivel	01
chew	01
covenant	01
accuser	01
care	01
classmate	01
manifesto	01
rethink	01
buy	01
mogul	01
garner	01
professional	01
seniority	01
scene	02
lending	01
brace	01
insulation	01
usher	01
backpedal	01
prolong	01
invert	01
rebuild	01
milk	01
ire	01
spring	01
brethren	01
preclude	01
participant	01
society	01
fact	01
acquaint	01
stalk	02
truce	01
scruff	01
brink	01
mass-produce	01
illustration	01
commentator	01
jog	01
drug	01
hone	01
participation	01
answer	01
rigidity	01
appraise	01
toast	01
disqualification	01
scandal	01
muzzle	01
dethrone	01
reading	01
accommodation	01
baron	01
due	01
abortion	01
presence	01
proceed	01
ogle	01
theory	01
reverence	01
nullify	01
idea	01
prevail	01
hurry	01
say	01
slot	01
pressure	01
looting	01
barrage	01
cancer	01
estrange	01
homage	01
stare	02
swaying	01
decade	01
fabric	01
entangle	01
surplus	01
assortment	01
shiver	01
shake	01
rim	01
angst	01
containment	01
affection	01
dissolve	01
tolerate	01
bind	02
equate	01
evasion	01
step	01
constituency	01
resort	01
vest	01
wedge	01
down	01
sublet	01
amendment	01
wither	01
cloture	01
pummeling	01
devalue	01
up	01
subtitle	02
collection	01
seem	01
gamble	01
sync	01
attempt	01
breach	01
crackdown	01
tie	01
fracas	01
compel	01
crush	01
liberate	01
rout	01
peek	01
inequity	01
commencement	01
churn	01
lotion	01
usage	01
rattle	01
council	01
well	02
document	01
weapon	01
subtract	01
circulate	01
accept	01
combination	01
entitle	01
retry	01
drubbing	01
provide	01
eloquence	01
skyrocket	01
bitterness	01
size	01
remain	01
wire	02
captivate	01
embrace	01
superior	01
enterprise	01
convertibility	01
principal	02
moon	01
heist	01
irradiate	01
country	01
layoff	01
refuse	01
pace	01
respect	01
downtrend	01
fingerprint	01
clampdown	01
impersonator	01
humility	01
password	01
tuck	01
cram	01
glean	01
comeback	01
speaker	01
enactment	01
mixer	01
thinking	01
class	03
resurgence	01
indoctrinate	01
%	01
being	01
bureau	01
melt	01
gate	01
flotilla	01
invent	01
expense	01
lira	01
firefighter	01
sack	01
stub	01
tribute	01
builder	01
nationalism	01
miscalculation	01
advocacy	01
console	01
regret	01
conservation	01
parry	01
discovery	01
trip	01
warning	01
skim	01
physicist	01
filibuster	01
vagary	01
organization	01
retention	01
mayoralty	01
insist	01
jurisdiction	01
beam	02
crony	01
characterization	01
slither	01
revival	01
pockmark	01
demonstrator	01
denounce	01
identify	01
dabble	01
compatibility	01
design	01
pretext	01
ratification	01
verify	01
department	01
impatience	01
threat	01
wreak	01
wade	01
donation	01
corral	01
characteristic	01
disavow	01
barometer	01
decease	01
evaporation	01
proceeds	01
restraint	01
presume	01
oust	01
damage	01
refinance	01
ineffectiveness	01
slur	01
game	01
paralyze	01
bear	01
pour	01
sip	01
patriarch	01
premium	01
fire	02
placing	01
holdout	01
segregate	01
protester	01
purist	01
jamming	01
passage	01
forbid	01
mourn	01
delete	01
whipsaw	01
immigrate	01
irritation	01
bassist	02
cover	01
coalition	01
balk	01
mutation	01
shepherd	01
mess	02
overlay	01
fidelity	01
post	01
courtesy	01
impediment	01
disgust	01
backfire	01
bombing	01
ego	01
slow	01
distill	01
soothe	01
peel	01
nick	01
insubordination	01
disposal	01
lifetime	01
dissent	01
pacing	01
authorship	01
welfare	01
mine	01
fetish	01
liberation	01
acidify	01
wander	01
abstract	01
protect	01
rendition	01
standstill	01
chance	01
incinerator	01
demeanor	01
toddler	01
undergirding	01
spice	01
assist	01
organizer	01
ramble	01
music	01
refiner	01
tune	01
abound	01
concoction	01
ideology	01
agility	01
prospectus	01
resilience	01
zoom	01
heart	01
doubling	01
track	01
plotter	01
avenue	01
ambition	01
imprisonment	01
diversion	01
outcome	01
dictation	01
execute	02
bash	01
restrain	01
announce	01
thumb	01
integrity	01
slouch	01
thing	01
space	01
yearning	01
engage	01
stockholding	01
heyday	01
franchise	01
dilemma	01
meditation	01
usefulness	01
king	02
buzzsaw	01
turn	02
regularity	01
outlay	01
spew	01
vacationer	01
drawback	01
publicity	01
dish	02
maintainence	01
commercialize	01
coordinate	01
permission	01
distribute	01
salvation	01
wage	01
computer	01
arrange	01
spokesman	01
blaze	01
dismay	01
skill	01
emulate	01
scream	01
intent	01
ring	02
rebut	01
log	01
health	01
frugality	01
son	01
impression	02
author	01
dispense	01
region	01
endow	01
craving	01
endure	01
ineptitude	01
lyric	01
high	01
sag	01
perfection	01
hormone	01
dancing	01
espionage	01
anniversary	01
resuscitate	01
eviscerate	01
abuse	02
ware	01
secretary	01
generator	01
doctrine	01
miracle	01
surge	01
recall	02
downsizing	01
sort	01
jillion	01
reclassify	01
weather	01
complain	01
lull	01
translation	01
amalgamation	01
fellow	01
overvalue	01
spend	01
scholarship	01
opportunism	01
isolation	01
form	01
complicate	01
workweek	01
contract	01
dishonesty	01
hospitalize	01
requirement	01
drenching	01
importance	01
organize	01
tail	01
meander	01
re-enter	01
undertaking	01
foothold	01
consume	01
compensation	01
enliven	01
parallel	01
parity	01
guise	01
string	01
indicate	01
president	01
evince	01
ringer	02
stall	01
gasp	01
write-down	01
guidepost	01
query	01
criminality	01
category	01
bedrock	01
peck	01
platoon	01
promise	01
skid	02
option	01
smell	01
temperament	01
hatred	01
read	01
pomologist	01
bunch	01
affliction	01
foot	01
south	01
coastline	01
renewal	01
graze	01
treasury	01
please	01
reproduce	01
restatement	01
operative	01
wring	02
demur	01
investing	01
ascend	01
rack	01
comment	01
tab	02
crowd	01
ferret	01
corruption	01
preparation	01
flop	01
clank	02
meld	01
runner	01
ideal	01
native	01
burning	01
sensibility	01
recharge	01
closing	02
workout	01
shipment	01
deception	01
fortune	01
twitch	01
sour	01
supporter	01
sentencing	01
restorer	01
swim	01
paradise	01
efficiency	01
pontificate	01
decimate	01
arithmetic	01
relevance	01
purport	01
sustain	02
boatload	01
misperception	01
restructuring	01
territory	01
allowance	01
lash	02
abet	01
extend	01
profile	01
personification	01
suppressor	01
pillory	01
ingestion	01
shout	01
deport	01
rivalry	01
disable	01
stash	01
teem	01
plague	01
slam	02
entrench	01
probability	01
cross-pollinate	01
bomb	01
inertia	01
employ	01
categorize	01
reconciliation	01
ruminate	01
value	01
treaty	01
discard	01
disobey	01
eavesdropping	01
diplomacy	01
switcher	01
sprawl	01
name	01
substitution	01
sever	01
molecule	01
clean	02
sustainability	01
idiocy	01
foreclose	01
relent	01
jealousy	01
predilection	01
smelter	01
rankle	01
deflator	01
maid	01
rumble	01
royalty	01
seep	01
reflection	01
concert	01
dismiss	01
gerrymandering	01
climb	02
quack	01
blend	01
essence	01
taker	01
arbitrager	01
mail	01
populate	01
caster	01
tramp	01
motor	01
food	01
blunt	01
precursor	01
ambivalence	01
dress	01
retainer	01
conferee	01
worker	01
cook	01
paper	02
forgery	01
spectrum	01
tar	01
story	01
insert	01
litigator	01
shard	01
softness	01
hire	01
saga	01
curriculum	01
snippet	01
convince	01
fell	01
pretense	01
solution	01
glimpse	01
slay	01
banter	01
pioneer	01
facade	01
trash	01
off	01
suffice	01
legislator	01
fly	01
reversal	01
discomfort	01
tendency	01
folding	01
examine	01
clarify	01
breast	01
bribe	01
procrastination	01
repudiation	01
condemnation	01
allow	01
return	04
suffer	01
amass	01
custody	01
reserve	01
map	01
confrontation	01
margin	01
torpedo	01
reluctance	01
grapple	01
prevention	01
centennial	01
adhesive	01
grasp	01
disbelief	01
crew	01
altitude	01
purpose	01
studiousness	01
agreement	01
rift	01
retrain	01
rescue	01
characterize	01
showcase	01
grouse	01
erect	01
predict	01
lawsuit	01
floor	01
brutality	01
muscle	01
screw	01
busload	01
refinery	01
counterweight	01
personalize	01
veto	01
stick	01
crusade	01
sterilization	01
balloon	02
truth	01
policy	01
check	01
blunder	01
neurologist	01
probe	01
hammer	02
underside	01
cart	01
manpower	01
cement	01
trader	01
abatement	01
muck	01
overbreadth	01
camaraderie	01
mind	01
flirt	01
privilege	01
contaminate	01
emergence	01
expose	01
selection	01
botch	01
acrimony	01
deliberation	01
obsession	01
heartland	01
bootleg	01
deepen	01
depression	01
strew	01
heating	01
disconnect	01
simulate	01
improbability	01
taste	01
spurt	02
liftoff	01
resemble	01
player	01
leap	01
sequel	01
resurrection	01
celebrate	01
upgrade	02
drumroll	01
aging	01
neck	01
manifest	01
ill	01
match	01
apply	02
shoreline	01
cadge	01
scrap	01
articulate	01
glory	01
billing	01
booster	01
egg	01
detector	01
dull	01
carrier	01
hum	01
astonishment	01
fragment	01
wheeze	02
retail	01
nationalization	01
professor	01
intruder	01
reputation	01
custom	01
citizen	01
quarterback	01
visibility	01
delouse	01
prohibit	01
estimate	01
disability	01
negate	01
stud	01
morality	01
inspiration	01
feel	01
element	01
imitate	01
launching	01
slavery	01
harassment	01
shift	01
falloff	01
scowl	01
exemption	01
drought	01
infidelity	01
investor	01
harvest	01
mull	01
irradiation	01
bestow	01
resonate	01
stewardship	01
subset	01
book	01
gravity	01
chauffeur	01
bond	01
plug	02
body	01
public	01
renovation	01
seasonality	01
uphold	01
cachet	01
redesign	01
navigate	01
refusal	01
experience	01
rehabilitation	01
columnist	01
uproot	01
forget	01
submission	01
cease-fire	01
in	01
need	01
construe	01
leveling	01
concession	01
animate	01
rejoin	01
outflow	01
radio	01
attendant	01
fulmination	01
legalization	01
blot	01
breed	01
disdain	01
wiggle	01
masterminding	01
toxicity	01
redemption	01
freak	01
link	01
quiet	01
exit	01
doer	01
re-emphasize	01
wasting	01
reason	01
inflate	01
dawn	01
behavior	01
shipper	01
careen	01
rematch	01
peer	01
fracture	01
loom	01
conglomerate	01
bog	01
chutzpah	01
precondition	01
quota	01
bound	01
shortcut	01
rock	01
elevate	01
cower	01
reassess	01
repatriation	01
costume	01
house	02
enthusiasm	01
withstand	01
low	01
thrall	01
nightmare	01
prosperity	01
wield	01
bolt	01
withhold	01
mumble	01
taper	01
frailty	01
wish	01
discouragement	01
method	01
stocking	01
aegis	01
clutch	01
propaganda	01
spread	01
rivet	01
vehemence	01
vigil	01
convenience	01
repeat	01
diary	01
loathe	01
throw	01
investment	01
swerve	01
toiling	01
heap	01
reformulation	01
debut	01
buckle	04
snowball	01
dub	01
nagging	01
standpoint	01
dine	01
nervousness	01
stint	01
reckoning	01
sector	01
sultan	01
befall	01
consummate	01
fatality	01
defiance	01
appraisal	01
exemplify	01
profitability	01
settlement	01
reply	01
sting	01
surf	01
globalization	01
hound	01
fit	01
legislature	01
reformer	01
expenditure	01
seige	01
dominion	01
burgeon	01
dependence	01
submit	01
compatability	01
chide	01
minority	01
induce	01
excursus	01
tick	01
instructor	01
legitimacy	01
volume	01
sidetrack	01
strength	01
luster	01
recipe	01
destroy	01
rebound	01
maze	01
trough	01
fester	01
mettle	01
obligate	01
virility	01
scour	02
prelude	01
immunity	01
exclusion	01
treatment	04
complete	01
familiarize	01
calibrate	01
misconception	01
deterioration	01
inning	01
gush	01
institution	01
freight	01
perjury	01
deadline	01
want	01
retrieve	01
aftermath	01
descent	02
hypocrisy	01
outfielder	01
bloc	01
ratio	01
invite	01
charisma	01
plow	01
imperative	01
whirr	01
cultivate	01
sigh	01
character	01
congressman	01
pursue	01
plenty	01
enclose	01
examination	01
rediscover	01
posture	01
alter	01
middleman	01
expression	01
snake	01
weight	01
comedy	01
enlist	01
buffet	01
implement	01
aide	01
vary	01
outlook	01
attitude	01
swarm	01
favoritism	01
monologue	01
differentiate	01
brigade	01
denizen	01
phalanx	01
antidote	01
producer	01
shortfall	01
shoulder	01
designee	01
relate	01
penchant	01
aspect	01
cue	01
contender	01
writhe	01
consortium	01
indignity	01
pronunciation	01
lock	01
stride	01
polish	01
counterpoint	01
front	02
closet	02
panel	01
tinkering	01
conception	01
cent	02
pileup	01
recycling	01
spokeswoman	01
emasculation	01
memorabilia	01
apprise	01
stand	01
popularize	01
crust	01
embroil	01
faction	01
dissident	01
concept	01
adorn	01
arbitrage	01
delinquency	01
competition	01
dancer	01
adjust	01
appetite	02
stew	02
functionary	01
budget	01
siphon	01
threshold	01
marriage	01
ruffle	02
squelch	01
enjoyment	01
patriotism	01
procurement	01
blanket	02
grandson	01
spurn	01
stockbroker	01
stampede	01
solicitation	01
retaliation	01
souring	01
divorce	01
voyage	01
captive	01
cancel	01
convict	01
saver	01
depositor	01
senator	01
pawn	01
ownership	01
emote	01
shove	01
receipt	01
bud	01
demise	01
hospitality	01
inside	01
test	01
disparage	01
sample	01
crop	01
delusion	01
occurrence	01
glade	01
critique	01
average	01
cage	01
pot	01
man	01
misrepresentation	01
defense	01
pasteurize	01
shortage	01
deter	01
deficit	01
broaden	01
vision	01
militate	01
confidentiality	01
issuance	01
attacker	01
attendance	01
domain	01
publicist	01
complacency	01
teach	01
electrolysis	01
crime	01
title	01
emerge	01
dictator	01
mate	02
casting	01
clanging	01
immigration	01
guarantor	01
chant	01
outdo	01
infringement	01
epsiode	01
cite	01
straighten	02
stress	01
mitigation	01
concede	01
fudge	01
horde	01
reintroduce	02
relinquish	01
fiancee	01
fairness	01
cake	01
spin	02
remarketing	01
multiple	01
taking	01
grandfather	01
dormitory	01
tilt	01
wonder	01
castigate	01
shorten	01
power	01
flatness	01
register	02
measurement	01
indexing	01
ploy	01
pluck	01
mode	01
even	01
stumble	01
discomfit	01
envisage	01
produce	01
swig	01
smoke	02
promulgate	01
affidavit	01
forehead	01
grimace	01
shop	01
slat	01
rancor	01
drum	01
skipper	01
eat	01
postcard	01
affair	02
consequence	01
havoc	01
absorb	01
prefer	01
goer	01
business	01
preside	01
cheer	02
bible	01
discrimination	01
bloom	01
consuming	01
resale	01
fall	01
ease	02
duty	01
doctorate	01
run-up	01
predator	01
rescind	01
education	01
nuance	01
rap	01
moniker	01
symptom	01
compress	01
edition	01
subdirector	01
amalgamate	01
rise	01
brew	01
tissue	01
festival	01
majority	01
militia	01
festivity	01
chairmanship	01
bite	01
defuse	01
pronounce	01
reschedule	01
devote	01
firing	01
bottom	01
sponsor	01
ravage	01
quirk	01
lie	01
architecture	01
penalty	01
unionize	01
rocket	01
homeland	01
patient	01
monopolize	01
classify	01
fiber	01
atmosphere	02
sight	01
barter	01
hiss	01
like	01
gray	01
disarm	01
reclaim	01
tooling	01
inducement	01
scalp	01
light	03
packet	01
implementation	01
uprising	01
fascinate	01
imitation	01
howl	01
face	01
refine	01
pursuer	01
unplug	01
interrogator	01
unify	01
dump	01
proliferate	01
realignment	01
endanger	01
extortion	01
soak	01
arbitration	01
clamber	01
whistle	01
channel	01
compulsion	01
envy	01
pasture	01
blacken	01
square	01
clog	02
sublicense	01
provoke	01
junket	01
bequeath	01
strainer	01
dam	01
sequester	01
maneuvering	01
brat	01
thread	01
overcharge	01
flicker	01
rectify	01
lord	01
inspire	01
banner	01
cryptographer	01
listener	01
chit	01
stalwart	01
defect	01
sketch	02
dazzle	01
consensus	01
enjoin	01
transmogrify	01
formulate	01
installation	01
candidacy	01
squander	01
selling	01
liquidate	01
append	01
obscurity	01
economics	01
grove	01
tycoon	01
flag	01
herd	01
complication	01
blast	02
swindle	01
junior	01
bless	01
refute	01
scoff	01
word	01
mainstream	02
processing	01
basket	01
achieve	01
travel	01
watchman	01
debt	01
cheek	01
impel	01
look	01
glow	01
trick	01
confusion	01
buy-back	01
event	01
intercept	01
centerfielder	01
undertone	01
compete	01
mentality	01
root	01
representation	01
saturate	01
recognize	01
manhood	01
prostitution	01
pillar	01
huddle	02
recipient	01
invade	01
convert	01
demilitarize	01
scarf	01
hitch	01
interval	01
conduit	01
programming	02
enrollee	01
superiority	01
proprietorship	01
load	01
recruiter	01
periphery	01
night	01
annals	01
acre	01
changing	01
pause	01
control	01
flourish	01
extort	01
embed	01
process	01
peace	01
earning	01
narrator	01
simmer	01
don	01
composer	01
marketer	01
persecution	01
fax	01
broadside	01
overstatement	01
unroll	01
woo	01
disaffection	01
assault	01
dictum	01
dispatch	01
devaluation	01
scaling	01
prey	01
displace	01
distance	01
customize	01
endowment	01
declare	02
transplant	01
cousin	02
stay	01
argue	01
lifeblood	01
toy	01
paraphernalia	01
marketability	01
minimalism	01
vent	01
centerpiece	01
postpone	01
rapport	01
take	01
news	01
convulsion	01
exploit	01
account	01
dream	01
gimmickry	01
good	01
pollutant	01
air	01
pull	01
deflect	01
thirst	01
outlaw	01
anthology	01
grovel	01
laugh	01
holler	01
decline	01
fickleness	01
namedrop	01
discharge	01
portfolio	01
decision	01
awarding	01
elitist	01
char	01
tango	01
birthday	01
cough	03
pursuing	01
shimmer	02
combustion	01
funnel	01
guess	01
life	01
destabilize	01
kill	01
statism	01
spy	01
munch	01
scientist	01
seminar	01
nuisance	01
demonstrate	01
incorporate	02
ask	02
privatization	01
sighting	01
precipitate	01
skittishness	01
snobbery	01
promoter	01
architect	01
exert	01
cleanser	01
weariness	01
headquarters	01
shrinkage	01
punching	01
shareholding	01
administer	01
microcosm	01
enforcement	01
muster	01
desert	01
reinvestment	01
landlord	01
background	01
scavenger	01
finding	01
judge	01
spare	01
degenerate	01
faith	01
scale	01
temper	01
warming	01
trust	01
mayor	01
telephone	01
demobilize	01
punish	01
mistrust	01
helm	01
illusion	01
poke	02
article	01
appear	02
wound	01
prize	01
shakeout	01
closure	01
projection	01
undermine	01
file	01
quantify	01
conjunction	01
gird	02
talent	01
haulage	01
pulverize	01
tone	01
trustee	01
diagram	01
expedite	01
merchandise	01
specialist	01
decorate	01
swing	02
spar	01
timetable	01
deliver	01
fine	01
halt	01
expire	01
romance	01
scenario	01
creditor	01
preservation	01
stagger	01
revoke	01
believer	01
fraction	01
jail	01
scoot	01
manufacture	01
increase	01
refer	01
covert	01
segmentation	01
conservatorship	01
withdraw	01
directory	01
snore	01
subcontractor	01
presentation	01
illiteracy	01
smooth	01
course	01
recreate	01
colorlessness	01
umbrella	01
jab	01
chancellor	01
rein	01
etiquette	01
gallery	01
deemphasize	01
torture	01
falsify	01
conduct	01
exaggerate	01
shower	01
moderate	01
confirm	01
foster	01
imperil	01
palm	01
aggravate	01
recycle	01
ping	01
quarter	01
crash	01
glee	01
happen	01
legality	01
frontier	01
clarification	01
subside	01
doomsayer	01
agree	01
reinvigorate	01
format	01
tumor	01
tens	01
postmaster	01
capture	01
train	01
relive	01
brochure	01
manufacturer	01
heel	02
assuage	01
timing	01
unleash	01
restate	02
series	01
drawing	01
summit	01
emigration	01
flooding	01
uneasiness	01
hatch	01
hodgepodge	01
annex	01
transition	01
indecisiveness	01
lung	01
simplify	01
contraction	01
summer	02
rebate	01
cornerstone	01
friction	01
gather	01
queen	01
consult	01
cord	01
spoiler	01
astound	01
circle	01
sink	01
attachment	01
voter	01
tighten	01
stylist	01
purchase	01
cloak	01
shortcoming	01
home	01
surmount	02
rejection	01
scam	01
chorus	02
stomach	01
flashback	01
photo	01
maneuver	01
reminder	01
disposition	01
smolder	01
craze	01
harass	01
art	01
define	01
juncture	01
divert	01
decor	01
convene	01
bevy	01
script	01
sailing	01
monopoly	01
labor	01
speeding	01
bustle	01
come	01
exist	01
surface	01
confuse	01
casualty	01
ingredient	01
nature	01
count	01
casuistry	01
haste	01
double-cross	01
offset	01
replay	01
shipping	01
recuperation	01
facilitate	01
realize	01
fishing	01
irregularity	01
perimeter	01
lament	01
repurchase	01
huckster	01
firmness	01
grandee	01
ear	02
widening	01
issuing	01
colloquium	01
ripple	01
burn	01
harden	01
dampen	02
market	01
bulkhead	01
remodeling	01
emphasis	01
demographics	01
overwhelm	01
speculation	01
advocate	01
freeze	01
capability	01
dedication	01
signature	01
marketing	01
adapt	01
pilot	01
overflow	01
build-up	01
tinker	01
fetus	01
follow	01
speak	01
web	01
hyping	01
cleanup	01
fighting	01
despair	01
swear	04
artery	02
seat	01
competence	01
spawn	01
epidemiologist	01
ending	01
season	01
afflict	01
designate	01
net	02
fertilize	01
uniformity	01
bother	01
move	01
door	01
emergency	01
tote	02
balance	01
seizure	01
ambiguity	01
afford	01
craft	01
burst	02
jam	01
buy-out	01
substitute	01
insight	01
recommend	01
countenance	01
subvert	01
ensue	01
maul	01
dare	01
misunderstand	01
patronize	01
hit	01
philosophy	01
relieve	01
origin	01
nation	01
list	01
portrayal	01
familiarity	01
motivate	01
puzzle	01
react	01
kid	01
swallow	01
housework	01
handwriting	01
urge	01
proffer	01
leak	01
union	01
dive	02
scheme	01
tipper	01
know	01
linger	01
wrongdoing	01
behave	01
regulator	01
other	01
function	01
coup	01
whim	01
second	01
offspring	01
snapshot	01
parcel	01
confession	01
rationalization	01
evade	01
jungle	01
license	01
pit	01
beep	01
striker	01
breeder	01
obtain	01
elaborate	01
charter	01
send	01
credential	01
qualification	01
thin	02
masquerade	01
manner	01
interest	01
gadget	01
virus	01
west	01
office	02
feeding	01
encounter	01
acceleration	01
remind	01
rally	02
vacation	01
overuse	01
destination	01
hand	01
turnabout	01
master	01
hamstring	01
beta	01
gallon	01
portray	01
basis	01
monitor	01
isolate	01
openness	01
usurpation	01
roller	01
touch	01
fury	01
copying	01
purchasing	01
trundle	01
repository	01
abdicate	01
steal	01
govern	01
culmination	01
eve	01
soul	01
loosen	01
view	02
gossip	01
celebration	01
belly	01
disintegration	01
aunt	01
construction	01
assassination	01
hurtle	01
campaign	01
frequency	01
payout	01
habitat	01
rating	01
greed	01
genesis	01
irony	01
hurricane	01
evolve	01
welter	01
angle	01
world	01
supervisor	02
comb	01
mount	02
underline	01
assumption	01
biography	01
whitewash	01
bludgeon	01
misfortune	01
proof	01
fruition	01
decentralize	01
reset	01
disband	01
chamber	01
normalcy	01
bellow	01
seize	01
vendor	01
statement	01
recital	01
boom	01
star	01
retool	01
bride	01
mismatch	01
state	01
deterrence	01
narrative	01
coach	01
differential	01
tightening	01
speedup	01
whoring	01
misstatement	01
concentration	02
fuss	01
productivity	01
gospel	01
generation	01
range	01
age	01
snap	08
policewoman	01
devise	01
proviso	01
indispensability	01
stifle	01
nurture	01
virtue	01
vigor	01
americanize	01
sentence	01
internment	01
part	01
junk	01
blossom	01
surgery	01
excursion	01
directive	01
inflict	01
mockery	01
bully	01
deserve	01
revise	01
trial	02
forfeiture	01
harmony	01
gobble	03
oblige	02
summarize	01
lecturer	01
trainer	01
support	01
insistence	01
reinterpretation	01
residence	01
crumple	01
gleam	01
devotion	01
forum	01
regulate	01
squeeze	01
dot	01
tournament	01
lip	01
assessment	01
steer	01
army	01
interlope	01
fix	03
brief	01
oddity	01
variation	01
trespass	01
weigh	01
walk	01
traumatize	01
application	01
conceal	01
structure	01
issue	01
reality	01
disintegrate	01
takeover	01
couch	01
genre	01
disembark	01
wreckage	01
station	01
rear	01
base	02
clash	01
container	01
appointee	01
visionary	01
payer	01
disclosure	01
colony	01
beef	01
loitering	01
wealth	01
period	01
nationalist	01
regulation	01
dismissal	01
table	01
pride	01
licensee	01
team	01
glamorize	01
teammate	01
add	01
alienate	01
second-guess	01
leader	01
hundreds	01
level	01
premier	01
backdrop	01
classification	01
constitutionality	01
handler	01
sift	01
divvy	01
voice	01
contend	01
spirit	01
whip	01
liability	01
misdeed	01
elude	01
shrine	01
piggyback	01
assign	01
uncle	01
killing	01
deride	01
refunding	01
discontinuation	01
admirer	01
amaze	01
quality	01
preach	01
deceive	01
bleeding	01
advent	01
tower	01
seriousness	01
championship	02
agenda	01
diagnose	01
leave	01
coward	01
effect	01
passel	01
trigger	01
description	01
roar	02
known	01
adviser	01
sweep	01
patron	01
foul	01
scan	01
arena	01
reveal	01
stockholder	01
portrait	01
extraction	02
escalation	01
asylum	01
membership	01
truculence	01
parade	02
chassis	01
snub	01
term	02
pessimism	01
contribution	01
elder	01
bet	01
ghost	01
increment	01
break	01
imperfection	01
sympathy	01
alternative	01
creativity	01
fee	01
encapsulate	01
kick	01
entail	01
divestiture	01
sweetheart	01
coddle	01
technology	01
doctor	02
diverge	01
aesthetic	01
expedition	01
unity	01
gimmick	01
laborer	01
collateral	01
degree	01
detract	01
cleaner	02
violate	01
defendant	01
mailing	01
undoing	01
delinquent	01
sponsorship	01
skirt	02
grow	01
vial	01
applause	01
planning	01
authorization	01
broker	01
thwart	01
dread	01
jaunt	01
surrogate	01
astringency	01
maturity	01
launderer	01
omission	01
backbone	01
location	01
detractor	01
forecast	01
performance	02
go	01
magnify	01
paint	02
resentment	01
limit	01
slap	01
behest	01
fabricate	01
interference	01
harbinger	01
shred	01
ignorance	01
request	01
tariff	01
disapprove	01
predicament	01
hug	01
champ	01
swearing	01
tailor	01
stranger	01
shatter	01
meltdown	01
gig	01
encourage	02
availability	01
swamp	01
lend	01
capsule	01
lesser	01
anathema	01
terrain	01
slog	01
consolation	01
ordeal	01
meter	01
activism	01
toss	01
caller	01
wash	01
feat	01
clutter	01
watch	01
rot	01
vicinity	01
rush	01
discourage	01
persecute	01
legitimize	01
ordain	01
wax	01
kilometer	01
longing	01
magic	01
anthem	01
study	01
doom	01
fabrication	01
vindicate	01
commonplace	01
artifact	01
province	01
buster	01
affirmation	01
ally	01
filers	01
weakening	01
float	01
bushel	01
governor	01
autobiography	01
waffle	01
forgo	01
setter	01
disguise	01
salary	01
scratch	02
flurry	01
espouse	01
introduce	02
exacerbate	01
deployment	01
ounce	01
obscure	01
editorial	01
interruption	01
bone	01
merchant	01
combine	01
believe	01
oversell	01
diversify	01
upsurge	01
documentary	01
scurry	01
activate	01
last	01
momentum	01
politics	02
aftereffect	01
whipping	01
legacy	01
include	01
advertiser	01
paycheck	01
scrounge	01
bristle	01
sentiment	01
software	01
disappear	01
stance	01
knee	01
controller	01
detriment	01
prompt	02
decide	01
eavesdrop	01
demonize	01
pleasure	01
eighth	01
emission	01
temblor	01
clue	01
fling	01
maximum	01
cruise	01
hostage	01
employment	01
caution	01
profess	01
mobilization	01
shopping	01
endorse	01
penetrate	01
mill	01
traffic	01
disappointment	01
deregulate	01
welcome	01
perspective	01
equity	01
accompaniment	01
unravel	01
lick	01
intimidation	01
forbearance	01
stereotype	01
hustle	01
phase	01
tread	01
flotation	01
review	01
overturn	01
con	01
community	01
aid	01
accede	01
prince	01
key	01
arch	01
unlock	01
unblock	01
pusillanimity	01
postmark	01
horn	01
outlast	01
initiate	01
tourism	01
scamper	01
morale	01
patrolling	01
devastate	01
retreat	01
panic	01
fold	03
readmit	01
excavate	01
enact	01
graying	01
infiltrate	01
culprit	01
phone	01
boost	01
reawaken	01
greet	01
month	01
butt	01
flinch	01
week	01
depressant	01
carry	01
shed	01
extinguish	01
delve	01
safeguard	01
deck	01
mark	01
allege	01
content	01
conjure	01
refinancing	01
lug	01
norm	01
riskiness	01
endorsement	01
straddle	01
origination	01
past	01
crack	02
corps	01
positioning	01
deliberate	01
distraction	01
procreation	01
resurrect	01
stack	01
suitor	01
apartment	01
recover	02
reject	01
pint	01
friendliness	01
thrash	03
guilder	01
culture	01
besiege	01
absorption	01
reliance	01
campus	01
batter	01
appearance	01
pair	01
correct	01
restarter	01
theft	01
literature	01
transmission	01
goal	01
confiscate	01
scare	01
freezing	01
repair	01
tilth	01
pack	01
publicize	01
install	01
compromise	01
noise	01
cant	01
opposition	01
grace	01
inception	01
reunification	01
stow	01
synthesis	01
reconsider	01
intertwine	01
prohibition	01
hurt	01
validate	01
successor	01
amplify	01
diameter	01
rumor	01
multitude	01
buck	01
mural	01
whereabouts	01
moonlight	01
panjandrum	01
utter	01
receptivity	01
inhabit	01
lyricism	01
foment	01
fill	01
imagery	01
methodology	01
signal	01
disarray	01
vehicle	01
free	01
obviate	01
clinch	01
femininity	01
tin	01
census	01
wake	01
financer	01
lexicon	01
chunk	01
supplement	01
accountability	01
connection	01
estimator	01
marry	01
lodge	02
drool	01
foundation	01
habit	01
robbery	01
grinder	01
enhance	01
involvement	01
fish	01
accompany	01
zap	01
infect	01
separation	01
convocation	01
reiterate	01
inference	01
commentary	01
draw	02
dilute	01
secrecy	01
resolve	01
ordinance	01
elongate	01
womanize	01
weekend	01
consolidate	01
dangle	01
mean	01
occupation	02
immunologist	01
reprint	01
respectability	01
revenue	01
tire	01
contradict	01
prodigy	01
capitalize	02
shopper	01
rental	01
lay	01
evaluation	01
excuse	01
encumber	01
wrestle	01
behalf	01
conquest	01
boilerplate	01
acquirer	01
wrench	01
accessory	01
portion	01
dry	01
intone	01
perversity	01
harm	01
tan	01
chatter	01
sharing	01
purge	01
director	01
revamping	01
chemist	01
predictability	01
wholesaler	01
artist	01
inexperience	01
signing	01
rank	01
thousands	01
substantiate	01
statue	01
constitute	01
coordinator	01
speculator	01
slew	01
expiration	01
inclusion	01
residue	01
re-emerge	01
engrave	01
expansion	01
contest	01
diplomat	01
allergy	01
dropper	01
restitution	01
realism	01
orchestrate	01
delivery	01
administration	01
extradition	01
attest	01
novice	01
referral	01
slide	02
infringe	01
clientele	01
addict	01
obligation	01
pedal	01
comprehensiveness	01
redevelopment	01
totter	02
position	01
tenor	01
core	02
wind	02
patent	01
keep	02
utterance	01
press	01
resource	01
style	01
massage	01
equivalent	01
hurl	01
own	01
fare	01
partner	01
flare	01
jurist	01
horticulturist	01
renown	01
waste	01
refugee	01
behead	01
transport	01
jell	01
practicing	01
arsenal	01
outstrip	01
prominence	01
setup	01
witness	01
discontinuance	01
daunt	01
cohere	01
think	01
inventor	01
investigator	01
telegraph	01
accelerate	01
wrangling	01
distinctiveness	01
tube	01
dedicate	01
circumvent	01
construct	01
mincemeat	01
relaxation	01
hang	01
rejuvenation	01
swagger	01
dissipate	01
awareness	01
ramp	01
counsel	01
equipment	01
liner	01
hook	02
valuation	01
alliance	01
tipster	01
object	01
deform	01
drop	01
reap	01
growing	01
wallow	01
percentage	01
choosing	01
sanitize	01
trudge	01
misspend	01
trafficking	01
overshadow	01
mingle	01
resiliency	01
overture	01
revolve	01
deposit	01
moderation	01
hamper	01
speech	01
cartoon	01
dollar	01
juxtapose	01
cub	01
blame	01
empower	01
holdup	01
assignment	01
leaving	01
schoolmate	01
flaw	01
prisoner	01
cushion	01
sovereignty	01
playoff	01
upturn	01
bureaucracy	01
din	02
can	01
bore	02
chronicle	01
rent	01
show	01
hospitalization	01
managing	01
display	01
condone	01
salute	01
hold	01
accountant	01
building	01
oversight	01
calculate	01
preoccupy	01
maker	01
strategist	01
liquify	01
determine	01
hall	01
roster	01
instability	01
ignoramus	01
sensuality	01
calculation	01
covet	01
consist	01
propel	01
path	01
dramatization	01
chemistry	01
simplicity	01
entitlement	01
quotation	01
acquittal	01
better	01
skin	01
disaster	01
allegiance	01
prepare	02
circumstance	01
dwindle	01
theorize	01
weaken	01
begin	01
staging	01
formulation	01
tension	01
tourist	01
connoisseur	01
mixture	01
declassify	01
compassion	01
lady	01
disobedience	01
footing	01
personnel	01
baseline	01
moonlighting	01
attraction	01
roommate	01
sing	01
sensitivity	01
respondent	01
update	01
avoid	01
caveat	01
remainder	01
deviate	01
pragmatism	01
message	01
inform	01
client	01
motive	01
inventory	01
entomb	01
wrinkle	01
redevelop	01
subdue	01
shuffle	01
snort	01
club	01
forefront	01
wrest	01
universe	01
alert	01
visa	01
brother	01
cinch	03
sit	01
episode	01
finish	02
prosecutor	01
camouflage	01
foreshadow	01
unitholder	01
insulate	01
haunt	01
debacle	01
analysis	01
premiere	01
escape	01
shareholder	01
lawmaker	01
bearer	01
financing	01
express	01
interpretation	01
reinstall	01
plot	01
counseling	01
thought	01
folly	01
resell	01
synergy	01
initiative	01
whoosh	02
expel	01
suit	01
embassy	01
nomination	01
itemize	01
day	01
forwards	01
sway	01
flat	01
reorganization	01
minimum	01
hunting	01
mound	01
slim	01
write	01
convey	01
enforce	01
testify	01
superstar	01
objective	01
prediction	01
termination	01
pray	01
resemblance	01
instill	01
triple	01
offender	01
negotiate	01
starter	02
stem	01
severity	01
peddler	01
concur	01
perception	02
standardize	01
betray	01
continuation	01
roadblock	01
proportion	01
depart	01
clout	01
duck	01
boardroom	01
extinction	01
captain	01
appoint	01
boon	01
lingo	01
yank	01
distribution	01
objection	01
engagement	01
skepticism	01
absolve	01
dose	01
discuss	01
supervision	01
repeater	01
ensconce	01
leapfrog	01
interdiction	01
default	01
commit	01
drama	01
fugitive	01
itinerary	01
carton	01
slippage	01
roof	01
oversee	01
foresee	01
singer	01
fail	01
following	01
scheduling	01
head	01
cooking	01
adaptation	01
cabinet	02
box	01
user	01
vignette	01
guilt	02
controversy	01
borrower	01
mother	01
immigrant	01
place	01
brain	01
stature	01
decliner	01
naming	01
triage	01
pointer	01
metaphor	01
mistreat	01
recording	01
mislay	01
decontaminate	01
special	01
lift	01
outfit	01
dead	01
sister	01
curry	02
getter	01
downdraft	01
relish	01
choke	01
fondness	01
eagerness	01
steady	01
snipe	01
point	02
victim	01
reignite	01
underperform	01
comity	01
encase	01
modernization	01
alcoholism	01
reauthorization	01
dab	01
disorder	01
tenth	01
proofread	01
polling	01
emotion	01
reapportion	01
gift	01
throat	01
consolidation	01
valve	01
factor	01
setback	01
censorship	01
televising	01
stirring	01
legislate	01
beheading	01
opponent	01
crank	02
co-author	01
ballyhoo	01
paradox	01
tumult	01
stickiness	01
discriminate	02
supply	01
sum	01
confide	01
manuscript	01
bail	01
boredom	01
dash	01
linage	01
proponent	01
potentiality	01
confidant	01
banish	01
dog	01
heat	01
wavelength	01
refuge	01
taboo	01
management	01
partnership	01
nationalize	01
absorber	01
savor	01
plan	01
rusticate	01
remodel	01
accent	01
choice	01
counterpart	01
proliferation	01
carp	01
grumble	01
fusion	01
liquidation	01
revelation	01
excess	01
adjustment	01
readiness	01
dissemination	01
encouragement	01
intention	01
stipulate	01
repossess	01
start	01
criminalize	01
elan	01
peseta	01
printer	01
levy	01
cry	02
certainty	01
insurgent	01
mention	01
investigate	01
suspense	01
satisfy	01
pump	01
praise	01
disassemble	01
bump	02
tuition	01
minimize	01
follower	01
sex	02
organizing	01
guest	01
use	01
freshman	01
bag	01
clear	02
offend	01
sledding	01
chafe	01
derision	01
gripe	01
exhaust	01
agonize	01
retract	01
charm	01
harshness	01
injunction	01
cave	01
pore	01
flier	01
barge	01
dependency	01
paean	01
glamour	01
crimp	01
transform	01
displease	01
redistribution	01
strain	01
critic	01
case	01
plethora	01
accomplishment	01
spike	01
beset	01
denude	01
growl	01
pay	01
plea	01
outgrow	01
advancer	01
defamation	01
bandy	01
plunge	01
debenture	01
prestige	01
immorality	01
imbalance	01
cycle	01
perceive	01
launder	01
obstacle	01
moment	02
detect	01
certificate	01
accommodate	01
lengthen	01
assemble	02
dance	01
cast	01
tag	01
blink	01
blockade	01
counteract	01
vote	01
neutralize	01
jiggle	01
stagnate	01
lurch	01
trapping	01
attract	01
opinion	01
escalate	01
brainchild	01
twiddle	01
enter	01
zip	01
deplete	01
friend	01
magistrate	01
culminate	01
disperse	01
lose	02
scholar	01
logo	01
operate	01
strengthening	01
embarrass	01
admission	01
qualify	02
endeavor	01
pretension	01
worm	01
research	01
trait	01
groundwork	01
awaken	01
discontinue	01
dissect	01
wipe	02
advance	01
telegram	01
priority	01
hank	01
miscalculate	01
bout	01
flank	01
incidence	01
oversimplify	01
rearrangement	01
blackmail	01
advertising	01
remove	01
possibility	01
cognoscenti	01
recognition	01
holiday	01
topic	01
dosage	01
purity	01
pound	01
stymie	01
lavish	01
deviation	01
salvage	01
greening	01
exemplar	01
internationalization	01
joy	01
storage	01
pamper	01
wave	01
constituent	01
strengthen	01
flap	01
board	01
reverberate	01
property	01
grower	01
have	03
gauge	01
manage	01
conflict	01
innocence	01
open	01
expert	01
particular	01
allocation	01
block	01
unification	01
computerize	01
exonerate	01
dynamic	01
modify	01
hightail	01
librarian	02
entwine	01
zone	01
seeker	01
trek	01
impasse	01
recalculate	01
seduce	01
overpay	01
suck	01
criticize	01
victimize	01
commander	01
arbitrate	01
surtax	01
waiver	01
notch	01
clothe	01
subsidize	01
overhang	01
diversity	01
interpreter	01
fog	01
brim	01
security	01
dye	01
tremor	01
comprise	01
citizenship	01
drag	01
magnetism	01
envision	01
buyer	01
intend	01
scandalize	01
county	01
equation	01
undercurrent	01
call	01
double	01
peddle	01
standard	01
utility	01
stabilize	01
turmoil	01
narrowing	01
unsettle	01
underlie	01
detest	01
observance	01
foe	01
originator	01
intuition	01
advertisement	01
production	01
slapping	01
privacy	01
realization	01
depth	01
bribery	01
acquisition	01
analyze	01
attorney	01
fertilization	01
attendee	01
dissection	01
squint	01
stoppage	01
ship	01
demand	01
embezzle	01
failure	01
energy	01
hiking	01
calmness	01
hike	01
alarm	01
worthiness	01
premise	01
novitiate	01
infancy	01
toehold	01
skirmish	01
misuse	01
timidity	01
principle	02
reconsideration	01
fulfill	01
abide	01
fuel	01
downfall	01
outweigh	01
outpace	01
prosper	01
staff	01
rebuff	01
battery	01
access	01
bulwark	01
tiptoe	01
veteran	01
vein	01
dispatcher	01
intimidate	01
eruption	01
award	01
overrule	01
history	01
tracking	01
dip	01
texture	01
near	01
musicianship	01
footnote	01
stability	01
quotient	01
decoration	01
dominance	01
invention	01
commence	01
manufacturing	01
practitioner	01
launch	01
reexamine	01
handle	01
upheaval	01
sabotage	01
shirk	01
kernel	01
alumnus	01
generalization	01
tot	01
smile	01
pollution	01
vacancy	01
baby	01
bury	01
bid	01
laud	01
excoriate	01
explain	01
favorite	01
eye	01
advisory	01
operation	01
temperature	01
statute	01
upset	01
audition	01
moisturizer	01
shuttle	01
suspend	01
giveaway	01
materialize	01
taxation	01
repress	01
co-sponsor	01
fetch	01
bastion	01
inquire	01
transportation	01
survey	01
stake	01
redefine	01
thank	01
blocker	01
shot	03
polishing	01
disburse	01
streak	01
landscape	01
inspect	01
abolish	01
coattail	01
median	01
water	02
mile	02
flow	01
blur	01
confront	01
comparability	01
hoe	01
comparison	01
knock	02
unrest	01
averaging	01
grandkid	01
distributorship	01
scoop	02
depict	01
sterilize	01
allocator	01
overheat	01
progress	01
provost	01
powerhouse	01
spotlight	01
belong	01
library	01
length	01
allude	01
obstruct	01
fault	01
intervention	01
cynicism	01
slash	02
top	02
receive	01
fatten	01
reaction	01
contrary	01
problematic	01
perfect	01
policyholder	01
batch	01
destiny	01
shy	01
bridge	01
credibility	01
manual	01
shooting	02
complexity	01
reassessment	01
allusion	01
juggle	01
grazing	01
adventure	01
shah	01
gyration	01
luncheon	01
burble	01
omit	01
factory	01
nose	01
plunging	01
thunder	02
stroke	01
restore	01
sensation	01
groan	01
screening	01
prejudice	01
empty	01
fantasy	01
experimentation	01
bounce	01
travail	01
lid	01
briefing	01
translate	01
imply	01
relay	01
originate	01
depiction	01
renounce	01
representative	01
assailant	01
differ	02
march	01
permit	01
asking	01
quadruple	01
bus	01
circuit	01
separate	01
procedure	01
transaction	01
wow	01
silence	01
gun	01
potentate	01
convention	01
undo	01
patchwork	01
bypass	01
idealism	01
recombination	01
exclude	01
become	01
risk	01
injure	01
democratize	01
entry	01
pal	01
overbuilding	01
crest	01
try	01
weave	01
violence	01
audit	01
vibrate	01
manifestation	01
excerpt	01
compiler	01
squirm	01
underwriting	01
profession	01
regard	01
jolt	01
modernize	01
lace	02
proclamation	01
vie	01
constrain	01
climate	01
mainstay	02
contemporary	01
bulk	01
replicate	01
reassure	01
coax	01
chairman	01
interior	01
namesake	01
chastise	01
linkage	01
height	01
breather	01
rape	01
handicap	01
officer	01
visualize	01
degradation	01
deportation	01
swap	01
ingest	01
veracity	01
inkling	01
payment	01
coat	01
incident	01
rail	01
contribute	01
landing	01
climber	01
exhale	01
sensitize	01
independence	01
anoint	01
keeper	01
pricing	01
troop	01
underscore	01
peak	01
focus	01
discolor	01
figure	02
allay	01
expectancy	01
bailout	01
ban	01
repression	01
government	01
settle	02
necessity	01
disengage	01
pastor	01
rate	01
offensive	01
clan	01
major	01
outcry	01
inadequacy	01
half	01
rumbling	01
colleague	01
compile	01
interconnect	01
ignore	01
packaging	01
stonewall	01
cutting	01
practice	01
primary	01
expectation	01
refurbishment	01
assent	01
cartel	01
victor	01
penalize	01
inject	01
help	01
reform	01
milestone	01
impact	01
malfunction	01
darling	01
ahead	01
gaze	01
bringing	01
scorecard	01
heroine	01
purification	01
ceremony	01
airlift	01
reconcile	01
equal	01
widen	01
disenchant	01
exuberance	01
participate	01
retrieval	01
heave	01
interviewer	01
venture	01
shape	01
delisting	01
fallout	01
accustom	01
print	01
establish	01
unawareness	01
criminal	01
unifier	01
anxiety	01
evacuation	01
wisdom	01
effort	01
assume	02
mislead	01
humorist	01
counselor	01
recalculation	01
bottler	01
catalog	01
pledge	01
ulcer	01
bulge	01
brouhaha	01
frighten	01
cup	01
official	01
modification	01
hash	01
spur	01
defection	01
mood	01
training	01
lambaste	01
patch	01
cameo	01
sheik	01
distract	01
bishop	01
leadership	01
acting	01
boat	01
fork	01
disturbance	01
acclaim	01
relationship	01
pain	01
vogue	01
death	01
swat	01
source	01
accounting	01
text	01
understatement	01
inability	01
replacement	01
quash	01
whole	01
edit	01
tremblor	01
scorn	01
strangle	01
magnate	01
implication	01
nosedive	01
drink	01
capitalization	01
comprehension	01
hometown	01
terminate	01
trumpet	01
pact	01
north	01
finance	01
trot	02
swathe	01
spout	01
anger	01
fledgling	01
scourge	01
dominate	01
redirect	01
hypothesize	01
steam	03
invoke	01
oppose	01
wait	01
cancellation	01
syndicator	01
crook	01
endangerment	01
success	01
lag	01
hint	01
knowledge	01
definition	01
embolden	01
mistake	01
gut	01
headline	01
announcer	01
hawk	01
dislike	01
hover	01
payroll	01
notoriety	01
complex	01
cracker	01
dispute	01
church	01
legalize	01
sharpen	01
sanctity	01
downtown	01
mirroring	01
counterbidder	01
warn	01
obliterate	01
misstate	01
preserve	01
conceit	01
weld	01
defeat	01
will	01
lobby	01
dovetail	01
slate	01
gainer	01
calm	01
incompetence	01
repatriate	01
proceeding	01
transfer	01
cap	01
anticipation	01
overlook	01
caterer	01
fight	01
excitement	01
councilwoman	01
neighborhood	01
section	01
competitiveness	01
splash	01
heal	01
fraud	01
nerve	01
cheating	01
fourth	01
overreact	01
refashion	01
sock	02
absurdity	01
reorganize	01
unwillingness	01
blessing	01
operating	01
uncover	01
dozen	01
teaching	01
indifference	01
further	01
fund	01
thaw	01
sender	01
deficiency	01
dialogue	01
identification	01
propensity	01
experiment	01
pick	01
movement	03
flay	01
nutrition	01
drape	01
smash	01
memorialize	01
topple	01
decadence	01
surveillance	01
cohort	01
irritate	01
back-up	02
fret	01
delegation	01
esteem	01
rewrite	01
crisis	01
tear	01
confinement	01
perk	01
rob	01
demote	01
arrest	01
judgment	01
exporter	01
rationale	01
wit	01
avalanche	01
science	01
automate	01
escort	01
pollinate	01
completion	01
merit	01
pester	01
murderer	01
stabilization	01
album	01
reference	01
semblance	01
moat	01
injury	01
dig	01
serve	01
detain	01
sterility	01
freedom	01
tolerance	01
delay	01
compliance	01
brag	01
streamline	01
catapult	01
inefficiency	01
antagonize	01
video	01
marginalize	01
evacuate	01
benefactor	01
environment	02
battalion	01
mandate	01
sputter	01
appointment	01
soundness	01
execution	01
film	01
whoop	01
cease	01
lawyer	01
ascent	01
treasurer	01
prevent	01
run	01
redline	01
binge	01
lessen	01
scotch	01
conditioner	01
contact	01
tongue	01
hope	01
intensity	01
manhandle	01
hardship	01
investigation	01
understate	01
parlance	01
warranty	01
terrify	01
reproduction	01
comrade	01
contrast	01
working	01
bar	01
refining	01
technocrat	01
amuse	01
raising	01
eyebrow	01
inaugurate	02
delight	01
reunite	01
elimination	01
dislocation	01
reinstatement	01
ferry	01
infraction	01
chase	01
reward	01
satisfaction	01
offense	01
woe	01
quarrel	01
column	01
note	01
bedevil	01
reservation	01
phrase	01
dismember	01
brand	01
capital	01
sincerity	01
ream	01
cessation	01
rehash	01
dispel	01
honesty	01
prowess	01
profiteer	01
grievance	01
creak	01
approve	01
reside	01
preclearance	01
sob	01
litany	01
advice	01
breakdown	01
developer	01
windfall	01
reaffirm	01
paragraph	01
protest	01
proposition	01
belief	01
trend	01
slacken	01
duration	01
foil	01
mitigate	01
creed	01
latch	02
engine	01
displacing	01
preview	01
seethe	01
depose	01
audience	01
hate	01
regime	01
fad	01
rave	01
occupy	01
birth	01
win	01
infer	01
misplace	01
slack	01
offering	01
ailment	01
neighbor	01
dignity	01
retake	01
forsake	01
attack	01
boycott	01
overdependence	01
embargo	01
husk	01
current	01
million	01
dissatisfy	01
harangue	01
revolution	01
detoxification	01
disincline	01
neutralization	01
evidence	01
redoubt	01
headache	01
humanize	01
tool	01
snafu	01
infuse	01
manager	01
ham	01
collector	01
snoop	01
assure	01
professionalism	01
humble	01
clamp	01
burglarize	01
wink	01
industrialize	01
televise	01
implant	01
meeting	01
dialysis	01
dimension	01
swirl	01
shell	03
restrict	01
variety	01
equilibrium	01
refund	01
rig	02
outbid	01
passion	01
alternate	01
hide	01
softening	01
prance	01
sign	01
appease	01
spot	01
installment	01
stock	01
subcommittee	01
subject	02
desist	01
notice	01
crawl	01
lack	01
jack	01
renege	01
bust	05
rub	01
ransom	01
resent	01
ambush	01
breathe	01
breadbasket	01
thrill	01
rearing	01
conscience	01
franc	01
machine	01
fritter	01
bewilder	01
indication	01
bring	01
evolution	01
machinery	01
fusillade	01
collect	01
consideration	01
shore	01
worry	01
populism	01
pry	01
scrimp	01
pro	01
provision	01
divergence	01
hulk	01
sprout	01
beat	03
quote	01
galvanize	01
syndrome	01
reopen	01
emit	01
tonnage	01
liberalize	01
incriminate	01
problem	01
petition	01
breadth	01
understand	01
information	01
onslaught	02
bicentennial	01
unmask	01
transformation	01
dizzy	01
guardian	01
prerogative	01
specter	01
enroll	01
magnitude	01
buttress	01
legion	01
squabble	01
conflation	01
stimulation	01
matching	01
livelihood	01
insulator	01
obstruction	01
feeling	01
dwelling	01
threaten	01
expound	01
tally	01
inspector	01
viewer	01
scrutiny	01
autumn	01
lower	01
grandchild	01
contamination	01
justify	01
squabbling	01
layer	01
ardor	01
police	01
listing	01
ouster	01
export	01
lure	01
earner	01
mistress	01
publish	01
pollination	01
row	01
filing	01
codify	01
minute	01
overseer	01
greatness	01
imagination	01
ground	02
glaze	02
incarcerate	01
reverberation	01
wear	01
kind	01
squeegee	01
delegate	01
beg	01
flatten	01
overthrow	01
forerunner	01
programmer	01
recruitment	01
governing	01
inmate	01
conservatism	01
raft	01
accelerator	01
example	01
language	02
sharpness	01
impair	01
fake	01
quell	01
joke	01
secret	01
code	01
thinker	01
expunge	01
propriety	01
eject	01
unfold	02
usability	01
liaison	01
brighten	01
segment	01
price	01
staffer	01
inactivation	01
parody	01
repay	01
discipline	01
storytelling	01
fade	01
member	01
system	01
instrument	01
store	01
flood	01
loyalty	01
founder	01
division	01
backer	01
reassign	01
lighten	02
mediator	01
father	01
challenge	01
thriller	01
ultimatum	01
weep	01
eduction	01
ass	01
redo	01
inheritance	01
equality	01
capitalist	01
killer	01
mortgage	01
adversary	01
watt	01
disclaim	01
interrupt	01
reception	02
fine-tune	01
discover	01
conceive	01
type	01
metabolize	01
transporter	01
bend	01
play	01
put	01
usurp	01
bargaining	01
turbulence	01
inverse	01
explosion	01
symbolize	01
fragility	01
entrance	01
cling	01
empathize	01
recapitalization	01
vendetta	01
quadrupling	01
whittle	02
passenger	01
disappoint	01
lobbying	01
decrease	01
creation	01
corporatism	01
showing	01
chaos	01
soiree	01
elapse	01
insure	02
insult	01
deteriorate	01
humor	01
cutback	01
pummel	01
recant	01
outside	01
acknowledge	01
sinking	01
revenge	01
filter	03
removal	01
credit	02
road	01
amount	01
ambassador	01
predetermine	01
rebellion	01
confine	01
screech	02
tactic	01
assassinate	01
bequest	01
economize	01
spook	01
jumpiness	01
companion	01
advertise	01
toll	01
keyboard	01
bankroll	01
commend	01
maxim	01
babel	01
genocide	01
reverse	01
prepay	01
mortality	01
shroud	01
cutoff	01
bombard	01
rename	01
forecaster	01
goodness	01
rearm	01
assert	03
validity	01
hallmark	01
vex	01
observation	01
calling	02
eradicate	01
fizzle	01
advise	01
assurance	01
remembrance	01
artistry	01
result	01
desire	01
epicenter	01
denominate	01
stop	01
temptation	01
repeal	01
dribble	01
fancy	01
release	01
hour	01
magazine	01
bartering	01
recapture	01
newsman	01
swivel	01
population	01
consort	01
tale	01
sidestep	01
brass	01
farmer	01
do	02
pin	01
aftershock	01
reshuffle	01
pet	01
insider	01
era	01
misrepresent	01
duplicity	01
reappearance	01
clearing	01
quantification	01
discord	01
stunt	01
atone	01
registration	01
summon	01
confluence	01
disprove	01
pass	01
arrears	01
lookout	01
shame	01
tap	03
announcement	01
shrink	01
applicant	01
marvel	01
pacify	01
superimpose	01
shrivel	01
indulge	01
picture	01
saddle	01
concoct	01
lump	01
debtor	01
ponder	01
utilize	01
immerse	01
felony	01
conversation	01
accord	01
liquidity	01
innovate	01
initial	01
cure	01
acknowledgement	01
auctioneer	01
ad	01
intermix	01
mature	01
booking	01
piece	02
lunge	01
amenity	01
close	02
reinforcement	01
verge	01
bearing	03
customer	01
breaking	01
mouth	01
breeding	01
room	02
charging	01
mass	02
anguish	01
mishandle	01
uncertainty	01
stimulate	01
precedent	01
cope	01
discredit	01
bottling	01
bread	01
referendum	01
border	01
protege	01
cost	01
repertoire	01
swell	01
repaint	02
memorandum	01
disparity	01
paw	01
connect	01
badge	01
runway	01
scold	01
chart	01
logic	01
megabyte	01
monitoring	01
mince	02
divide	02
group	01
schedule	01
election	01
wrong	01
push	01
dereliction	01
deactivate	01
vacuum	01
squad	01
mesh	01
thickness	01
making	01
density	01
treat	01
titan	01
hiring	01
rhetoric	01
mutiny	01
governance	01
hundredth	01
facsimile	01
dawdle	01
homecoming	01
disgruntle	01
coin	01
analyst	01
miff	01
teacher	01
prose	01
veil	01
stagnation	01
divisiveness	01
belly-flop	01
bit	01
diminution	01
party	02
mirror	01
reflect	01
act	01
crouch	01
squalor	01
profit	01
slip	01
broadcaster	01
sleep	01
consultant	01
authority	01
admire	01
extradite	01
deplore	01
hideout	01
impersonation	01
presage	01
unraveling	01
rat	01
hedge	01
window	01
hasten	01
breakage	01
alleviate	01
compare	01
legislation	01
blindfold	01
famine	01
festoon	01
drive	02
incrimination	01
forge	02
acquiesce	01
buffer	01
product	01
buying	01
confer	02
balloting	01
subscriber	01
shutdown	01
platform	02
murder	01
rile	01
ward	01
assess	01
benchmark	01
swath	01
frustrate	01
iteration	01
blow	01
pattern	01
love	01
spate	01
misadventure	01
replace	01
trillion	01
novel	01
writing	01
abstain	01
invasion	01
descend	01
driving	01
probation	01
outnumber	01
outrage	01
sue	01
fidget	01
joust	01
southeast	01
fool	01
dignify	01
unease	01
meaning	01
trading	01
impetus	01
build	01
hinge	01
earn	01
clipping	01
convexity	01
instruct	01
restructure	01
myth	01
turf	01
illogic	01
improvise	01
applaud	01
patience	01
allotment	01
gallop	01
catch	03
pretend	01
amazement	01
justification	01
bottleneck	01
candidate	01
drain	01
agent	01
dictatorship	01
actor	01
opt	01
banker	01
gram	01
ridership	01
impoverish	01
trademark	01
prescription	02
curb	01
impend	01
correspondent	01
robber	01
minister	01
sow	01
subtlety	01
manipulate	02
jitters	01
quarry	01
servant	01
solidify	01
stray	01
deploy	01
regroup	01
let	01
benefit	01
knead	01
raise	01
toughness	01
cafeteria	01
hypnotize	01
miner	01
decree	01
defend	01
pennant	01
exploration	01
instigate	01
relative	01
punch	01
disgrace	01
vault	01
coupon	01
notify	01
psychology	01
devastation	01
vulnerability	01
ripen	01
sober	02
concomitant	01
inquiry	01
specimen	01
contravene	01
iron	01
complicity	01
reinsurance	01
tract	01
hill	01
watercolor	01
vanity	01
handcuff	01
chest	01
medication	01
anticipate	01
kicker	02
understanding	01
redeem	01
damp	01
cult	01
apparatus	01
parliament	01
ceiling	01
homer	01
beauty	01
visitor	01
cede	01
fervor	01
photograph	01
introduction	02
unhinge	01
budge	01
calendar	01
vanish	01
rid	01
firm	01
attractiveness	01
overbid	01
franchisee	01
refurbishing	01
virtuosity	01
configuration	01
toil	01
surround	01
massacre	01
back	01
fray	01
solicit	01
hairdresser	01
seller	01
deductibility	01
specificity	01
framer	01
nag	01
partake	01
pang	01
blemish	01
retire	01
commuter	01
glut	01
compute	01
echelon	01
war	01
scatter	01
bureaucrat	01
medium	01
fume	01
prune	01
replenish	01
wheel	01
spending	01
service	01
make	01
cloud	01
resistance	01
mute	01
village	01
happening	01
bewitch	01
supersede	01
observer	01
hemorrhaging	01
discern	01
detergent	01
gross	01
assembly	02
address	02
slaughter	01
clang	01
wrack	01
activity	01
obedience	01
espousal	01
castle	01
hearten	01
copyright	01
nickname	01
difficulty	01
moral	01
flight	01
writer	01
unit	01
abandonment	01
revive	01
worsen	01
buzz	04
succession	02
memorial	01
vassal	01
dealing	01
cobble	01
centralize	01
sequence	01
disagreement	01
protectionism	01
winner	01
guide	01
pardon	01
popularity	01
record	02
acronym	01
preamble	01
relocation	01
concurrence	01
commercialization	01
score	01
renovate	01
lockup	01
retrenchment	01
signify	01
yarn	01
chip	01
favor	01
snatch	01
dalliance	01
adapting	01
rhyme	01
reinstate	01
conversion	01
chain	01
spelling	01
authorize	01
essay	01
trample	01
spray	01
incest	01
debate	01
glitch	01
gist	01
retailer	01
pamphleteer	01
standoff	01
revert	01
counter	01
jeopardize	01
melding	01
collecting	01
theorist	01
capitulate	01
comfort	01
inclination	01
recantation	01
regenerate	01
consumer	01
tender	01
receivable	01
carping	01
trap	01
chalk	01
soar	01
trade	01
settling	02
precede	01
rendezvous	01
forfeit	01
ethos	01
replica	01
redound	01
mechanism	01
cutout	01
involve	01
rhythm	01
enrollment	01
overdose	01
perpetrate	01
conform	01
subscribe	01
select	01
drift	01
hero	01
exchange	02
coincide	01
criterion	01
vacillate	01
convoy	01
prosecution	01
husband	01
contemplate	01
thrust	01
port	01
ubiquity	01
utilization	01
repayment	01
tumble	01
diet	01
closeness	01
highlight	01
optimism	01
number	01
limitation	01
citizenry	01
kitty	01
disregard	01
remake	01
stanch	01
sympathizer	01
historian	01
whisk	01
testimony	01
transfusion	01
disadvantage	01
haggle	01
allocate	01
rev	02
handedness	01
deference	01
strafe	01
coating	01
compact	01
recruit	01
simulation	01
wiretap	01
oasis	01
middle	01
exorcise	01
flounder	01
volatility	01
distinguish	01
resist	01
pale	02
augment	01
constraint	01
glare	01
stab	01
carrying	01
resident	01
accrue	01
lurk	01
tax	01
inadvertence	01
burner	01
autograph	01
force	01
correction	01
rash	01
thrower	01
implore	01
technician	01
broadcasting	01
rite	01
suspicion	01
shelve	01
stopper	01
preoccupation	01
subscription	01
crossfire	01
hurdle	01
kit	01
peg	01
talk	01
infection	01
tack	03
enlighten	01
presidency	01
stretch	01
economist	01
activist	01
accuse	01
search	01
detention	01
megawatt	01
erase	01
likelihood	01
extract	01
roam	01
districting	01
appropriate	01
expect	01
medicine	01
complement	01
mutate	01
bankrupt	01
autonomy	01
weakness	01
evening	01
tightener	01
resurface	02
loser	01
waver	01
berate	01
decelerate	01
curator	01
suspension	01
enthusiast	01
passivity	01
doubter	01
renew	01
sale	01
flash	01
trunk	01
index	01
temple	01
prop	01
dropout	01
peril	01
rest	01
cogeneration	01
grade	01
foreman	01
supplier	01
fear	01
adjuster	01
apologize	01
inflation	01
short	01
nudge	01
coast	01
plank	01
embarrassment	01
tease	04
appropriateness	01
migration	01
speed	01
gain	01
shock	01
indulgence	01
waft	01
unite	01
explore	01
therapist	01
viewpoint	01
single	01
brunt	01
skew	01
disfavor	01
furnish	01
enrich	01
interpret	01
deem	01
commitment	01
leaf	01
ensure	01
compose	01
agitate	01
ethics	01
presumption	01
coverage	02
gear	01
brush	01
appreciation	01
incursion	01
localize	01
cautiousness	01
model	02
bunt	01
approval	01
heir	01
tempt	01
wad	01
wed	01
archrival	01
parking	01
receivership	01
bagger	01
traditionalist	01
silt	01
shoehorn	01
substance	01
whack	01
illness	01
donor	01
hoodwink	01
romp	01
rehearing	01
embark	01
reimburse	01
divest	01
intensify	01
departure	01
formation	01
hunter	01
suppression	01
intervene	01
intensifier	01
easing	01
negotiation	01
incentive	01
crucible	01
slope	01
courtship	01
site	01
excite	01
chore	01
disgorgement	01
leeway	01
ridicule	01
muse	01
receiver	01
feasibility	01
collaborate	01
readership	01
chair	01
entrenchment	01
century	02
pistil	01
muddle	01
relation	01
remittance	01
donate	01
plummet	01
predispose	01
employer	01
innovation	01
rule	01
camp	01
lecture	01
hoard	01
condescension	01
aura	01
decay	01
grandmother	01
knot	02
demolish	01
parameter	01
prayer	01
guarantee	01
charge	01
span	01
genius	01
drilling	01
sell-off	01
bowl	01
gore	01
revalue	01
reel	01
apparat	01
reach	01
resign	01
duplicate	01
interfere	01
futility	01
chime	02
general	02
collapse	01
encrypt	01
steering	02
happiness	01
chill	01
adopt	01
punishment	01
stepmother	01
implicate	01
hackles	01
provider	01
generalize	01
trophy	01
adjourn	01
wholesale	01
inspection	01
spark	01
fashion	02
caseload	01
sail	01
conclusion	01
precision	01
supervise	01
perversion	01
speculate	01
aim	02
byline	01
harbor	01
destruct	01
lesson	01
school	01
nominate	01
pose	02
enable	01
musician	01
sliver	01
change	01
preference	01
how	01
resonance	01
watcher	01
pave	02
entrust	01
quiz	01
engineering	01
journey	01
languish	01
precaution	01
resumption	01
opine	01
colonel	01
objectivity	01
recorder	01
measure	02
moan	01
salvo	01
present	01
vengeance	02
possession	01
subsidiary	01
land	01
grip	01
assistance	01
admonish	01
switch	01
obeisance	01
industry	01
strike	02
comptroller	01
frenzy	01
dodge	01
privatize	01
patrol	01
whirlwind	01
preparer	01
effrontery	01
bidder	01
disloyalty	01
finagle	01
dispensation	01
perch	01
plead	02
diminish	01
percent	01
playing	01
common	01
detach	01
sphere	01
persuade	01
elect	01
hew	02
rejuvenate	01
rapidity	01
propose	01
discounter	01
masterpiece	01
claudication	01
guidance	01
rearrange	01
disruption	01
sprinkle	01
sage	01
liquidator	01
eyewitness	01
interview	01
going	01
roomful	01
cross	02
mediate	01
dignitary	01
implantation	01
hail	02
tribunal	01
associate	01
downgrade	02
capacity	01
ail	01
debasement	01
puzzlement	01
meet	01
center	01
rip	02
citation	02
recruiting	01
unknown	01
onus	01
progression	01
cheat	01
image	01
kingpin	01
grounding	01
supremacy	01
offer	01
situation	01
renter	01
lease	01
hemorrhage	01
starve	01
competitor	01
perturb	01
outsell	01
ruler	01
deletion	01
crunch	01
color	01
couple	01
reimbursement	01
hauler	01
stir	02
explanation	01
licentiousness	01
superagent	01
rigor	01
found	01
rake	02
urgency	01
educate	01
redeployment	01
thrive	01
rage	02
military	01
publisher	01
liken	01
litter	01
emphasize	01
backing	01
battle	01
plight	01
blueprint	01
stuff	01
absence	01
underwrite	01
unhappiness	01
statehood	01
taping	01
guerrilla	01
strife	01
veer	01
designation	01
trepidation	01
cooperation	01
collar	01
trickle	01
watchdog	01
holding	01
observe	02
nail	02
haul	01
eminence	01
malignancy	01
maintain	01
refurbish	01
flair	01
gesture	01
improvement	01
black	02
swoon	01
exceed	01
infuriate	01
transact	01
destine	01
bolster	01
apprehension	01
dismantle	01
responsibility	01
posting	01
hack	02
sweat	01
explusion	01
insurance	01
chauvinism	01
scapegoat	01
affiliation	01
entirety	01
self-destruct	01
grab	01
defy	01
peruse	01
smart	01
bike	01
footage	01
mow	01
yell	01
allegation	01
denial	01
cut	02
distributer	01
exercise	01
furrow	01
faculty	01
maximize	01
derail	01
locate	01
offshoot	01
suppose	02
unload	01
negative	01
proprieter	01
inaccuracy	01
contemporize	01
wife	01
bracket	01
similarity	01
transmit	01
curl	01
distortion	01
dissuade	01
poverty	01
dean	01
recur	01
funding	01
chapter	01
soldier	01
hoarder	01
uptick	01
field	01
underpin	01
drill	01
odds	01
appeal	01
personality	01
glance	01
conserve	01
accusation	01
tailspin	01
rider	02
cause	01
instruction	01
void	01
choose	01
recession	01
protocol	01
destruction	01
carve	03
countryman	01
impress	01
forgiveness	01
outage	01
perpetuate	01
fluctuate	01
mobilize	01
founding	01
symbol	01
vacate	01
pinch	01
invalidate	01
orphan	01
clone	01
unveiling	01
affiliate	01
inherit	01
jut	01
forgive	01
cutter	01
inflow	01
countervail	01
copy	01
reappraise	01
shield	01
redouble	01
revel	01
occur	01
loss	01
infertility	01
dissolution	01
disease	01
pulse	01
hesitation	01
crackle	01
morning	02
stigma	01
grader	01
pop	03
work	01
bathroom	01
indict	01
bang	02
borrowing	01
soften	01
development	01
claim	01
subsidization	01
contain	01
pettiness	01
heed	01
encircle	01
strategy	01
pursuit	01
cater	01
prearrange	01
scrutinize	01
plume	01
syndicate	01
scope	01
inch	01
strive	01
parachute	01
adventurism	01
condition	01
discretion	01
turnover	02
quest	01
compatriot	01
hinder	01
menu	01
shelter	01
equip	01
stroll	01
revision	01
attribute	01
break-up	01
sanction	01
compliment	01
nurse	01
extension	01
explode	01
reduction	01
mimic	01
fleet	01
empire	01
bounty	01
contempt	01
subsume	01
emissary	01
short-circuit	01
brow	01
volunteer	01
synchronize	01
derivative	01
enlarge	01
voucher	01
modulate	01
roll	01
overtake	01
exasperation	01
handling	01
comply	01
consciousness	01
owner	01
niche	01
limb	01
set	01
restriction	01
purchaser	01
dilution	01
auditor	01
uproar	01
stockpile	01
dent	01
nephew	01
loan	01
sacking	01
arrive	01
refocus	01
outpost	01
mollify	01
refocusing	01
migrate	01
retribution	01
outbreak	01
time	01
setting	01
specify	01
intrude	01
surpass	01
hider	01
deregulation	01
committee	01
religion	01
buddy	01
commonality	01
eyeball	01
area	01
disbursement	01
mop	01
memory	02
creep	01
challenger	01
exclusivity	01
glide	01
erupt	01
package	01
changeover	01
pitch	02
overwork	01
lean	01
stoke	01
buff	01
enjoy	01
argument	01
mutilate	01
goatee	01
illustrate	01
bent	01
ante	01
sympathize	01
leasing	01
overhaul	01
flaunt	01
yen	01
gloom	01
poach	02
incur	01
pickup	02
chef	01
economy	01
exodus	01
device	01
earmark	01
aggressiveness	01
kidnap	01
safekeeping	01
prospect	01
sap	01
stickler	01
corner	01
sea	01
err	01
curse	01
traduce	01
restoration	01
role	01
heighten	01
tame	01
torch	01
anchor	01
wall	01
multiply	01
fame	01
commute	01
nemesis	01
protection	01
tip	01
commercial	01
achievement	01
collage	01
reconstruct	01
sneak	01
shag	01
subsidy	01
champion	01
resignation	01
struggle	02
tosser	01
side	01
tout	01
butler	01
publication	01
institute	01
notification	01
appraiser	01
cascade	01
painting	01
dissatisfaction	01
erode	01
mystique	01
converge	01
deputy	02
terrorism	01
merger	01
sibling	01
verdict	01
deterrent	01
depress	02
disclose	01
reestablish	01
strand	01
possess	01
reproval	01
unsettlement	01
dichotomy	01
toughen	01
receptor	01
pile	01
difference	01
franchiser	01
learn	01
future	01
dealership	01
redden	01
seclusion	01
impound	01
lobbyist	01
counterbid	01
durability	01
cooling	01
import	01
suggest	01
prescribe	02
reformulate	01
turnaround	01
vaccine	01
exile	01
invitation	01
numerator	01
engineer	01
split	01
intersperse	01
avoidance	01
radiation	01
bottle	01
negotiator	01
clobber	01
succeed	02
occupancy	01
brave	01
except	01
croon	01
impede	01
inattention	01
negotiating	01
appall	01
horror	01
theme	01
drown	01
accolade	01
digest	01
apologist	01
deregulaton	01
label	01
corroborate	01
acquire	01
abate	01
subordinate	01
normalize	01
flavor	01
exhaustion	01
edge	01
kidnapping	01
handout	02
mock	01
integration	01
recount	01
eclipse	01
tend	02
extrapolate	01
newcomer	01
plateau	01
get	01
cockpit	01
complaint	01
mushroom	01
scent	01
share	01
realm	01
clock	01
town	01
twist	01
trouble	01
eschew	01
stone	03
ventilation	01
dividend	01
rundown	01
duel	01
screen	01
round	01
magnetize	01
auction	01
existence	01
booklet	01
amnesty	01
beneficiary	01
overhead	01
crisscross	01
birthplace	01
acquit	01
knit	01
blurt	01
way	01
tug	03
typify	01
squat	01
raze	01
childhood	01
statistic	01
trace	02
wing	02
tangle	01
impulse	01
artwork	01
overstate	01
dictate	01
assistant	02
prowl	01
order	01
blitz	01
impose	01
consign	01
energize	01
kiss	01
tech	01
contracting	01
flunk	01
sacrifice	01
cash	03
jump	01
interrogate	01
slowdown	01
entertain	01
discrediting	01
hearing	01
spin-off	01
disturb	01
poison	02
scramble	01
heater	01
assertion	01
evader	01
slump	01
connote	01
command	02
realign	01
shouting	01
recoup	01
saving	01
undertake	01
stage	01
finder	01
renunciation	01
sophistication	01
resolution	01
blip	01
modeling	01
influence	01
guideline	01
court	01
tarnish	01
narrow	01
clause	01
tamper	01
antagonist	01
impairment	01
cool	01
placement	01
growth	01
imposition	01
bucket	01
feud	01
solve	01
gala	01
cornucopia	01
mission	01
overproduction	01
pipeline	01
persistence	01
brokerage	01
output	01
cripple	01
spouse	01
remark	01
frequent	01
derogation	01
inhibit	01
dissonance	01
garden	01
fun	01
chortle	02
tenet	01
smattering	01
ski	01
motivation	01
status	01
highway	01
skip	01
velocity	01
tonic	01
intrusion	01
withdrawal	01
amble	01
entice	01
inconvenience	01
live	01
dispose	01
anonymity	01
blare	01
hauteur	01
creator	01
commissioner	01
alchemist	01
overcome	01
program	01
response	01
flame	01
atom	01
hitter	01
opener	01
armpit	01
vitiate	01
glue	01
fruit	01
suppository	01
evaporate	01
die	01
ombudsman	01
rely	01
gratuity	01
pirate	01
summary	01
billions	01
reporting	01
healing	01
certify	01
shrug	02
hybrid	01
irk	01
concern	02
network	01
predate	01
harry	01
reordering	01
tree	01
bode	01
necessitate	01
communicate	01
backside	01
warrant	01
prepayment	01
sweeper	01
latitude	01
operator	01
portend	01
foray	01
chisel	01
variable	01
inundate	01
approach	01
date	01
quip	01
intimate	01
stun	01
abort	01
paperwork	01
saying	01
misjudgment	01
converter	01
bruise	01
cargo	01
halve	01
housing	02
sizzle	01
homework	01
executive	01
maintenance	01
antic	01
snag	01
makeup	01
embellish	01
sluggishness	01
denomination	01
situate	01
countryside	01
vow	01
contention	01
indicator	01
finalize	01
diversification	01
falter	01
input	01
widow	01
student	01
authenticity	01
appreciate	02
reign	01
discount	01
extent	01
mountain	01
streamlining	01
proprietor	01
save	01
vessel	01
detective	01
damper	01
hear	01
persist	01
branch	01
visit	01
epitomize	01
soil	01
secure	01
reassurance	01
ooze	01
correspond	02
proposal	01
